{
  "_fv": 43,
  "_type": "tool",
  "definition": {
    "renderType": 0,
    "texture": "obisidian_hoe",
    "customModelName": "Normal",
    "name": "Obisidian Hoe",
    "specialInfo": [],
    "creativeTab": {
      "value": "TOOLS"
    },
    "toolType": "Hoe",
    "harvestLevel": 3,
    "efficiency": 7.0,
    "attackSpeed": 1.0,
    "enchantability": 18,
    "damageVsEntity": 3.0,
    "usageCount": 361,
    "blocksAffected": [],
    "hasGlow": false,
    "repairItems": [
      {
        "value": "Blocks.OBSIDIAN"
      }
    ],
    "immuneToFire": false,
    "stayInGridWhenCrafting": false,
    "damageOnCrafting": false
  }
}